,precision,recall,f1-score,support
0,0.9946933032873497,0.933513771169029,0.9631329632686285,182519.0
1,0.5772808025917023,0.9480006864595847,0.7175889841517277,17481.0
accuracy,0.93478,0.93478,0.93478,0.93478
macro avg,0.7859870529395261,0.9407572288143069,0.840360973710178,200000.0
weighted avg,0.9582093636640466,0.93478,0.9416711917739159,200000.0
